INSERT INTO [Roles] VALUES (0,N'admin'),
	(1,N'director'),
	(2,N'academic staff'),
	(3,N'teacher'),
	(4,N'student');
INSERT INTO [User]
VALUES
('U000001', 'ad000001', 0x1009DC156FE762654F4D9CE9AE7BCB09, 0xF260D2220E1E9EC4967BC30E7AD4F34284487599954190791DF1CE327D9AA3CC, 'daohuy0202@gmail.com', 0, 0),
('U000002', 'ht000001', 0x43DBDF8D502A577C0E9F248B0E88EE56, 0xDE1E5D384682E20EB1704F35D726026284FD31AB89880C03DC70725EA8CE09CE, 'tuanthanh592004@gmail.com', 1, 0),
('U000003', 'as000006', 0x529475B5FE5498EC136F5C78498914F4, 0xEB58E342C22A091DD84A285456E4C5800F42EEE7D271E5C35D8702A2BD9FDAB9, 'he181249nguyenvantrong@gmail.com', 2, 0),
('U000004', 'tea000008', 0x05239B93674F621613653C7F4FE05C66, 0x052DCC65FCD3745318E7E3DDE4371A3662109FDFAD5B5B39D14F49C2ED530EC3, 'thanhbg1310@gmai.com', 3, 0),
('U000005', 'hs000001', 0x2F6D1A0C44C9D15A3BECE80B47AEC9A6, 0xA9C207CAF5965FA1E9F219A107FC77F4665D7749337BEF99FBAFAB9B79AE9FB7, 'phamnguyenkien1609@gmail.com', 4, 0); 

INSERT INTO [Personnels] VALUES (N'TEA000001',N'Anh Dũng',N'Nguyễn',1,'1999-07-09',N'123 Nguyễn Huệ, Quận 1, TP. Hồ Chí Minh',N'dungnguyen@gmail.com',N'0901 234 567',3,N'đang chờ xử lý',N'gv1.png',NULL, N'Trường THCS A'),
	(N'TEA000002',N'Bảo Ngọc',N'Trần',0,'1999-07-10',N'45 Trần Hưng Đạo, Quận Hoàn Kiếm, Hà Nội',N'ngoctran@gmail.com',N'0912 345 678',3,N'đang chờ xử lý',N'gv2.png',NULL, N'Trường THCS A'),
	(N'TEA000003',N'Chí Công',N'Lê',1,'1999-07-11',N'10 Lê Lợi, Quận Hải Châu, Đà Nẵng',N'congle@gmail.com',N'0923 456 789',3,N'đang chờ xử lý',N'gv3.png',NULL, N'Trường THCS A'),
	(N'TEA000004',N'Đình Phong',N'Phạm',1,'1999-07-12',N'77 Nguyễn Văn Linh, Quận Ninh Kiều, Cần Thơ',N'phongpham@gmail.com',N'0934 567 890',3,N'đang chờ xử lý',N'gv4.png',NULL, N'Trường THCS A'),
	(N'TEA000005',N'Gia Hân',N'Hoàng',0,'1997-10-13',N'6 Hùng Vương, TP. Huế, Thừa Thiên Huế',N'hanhoang@gmail.com',N'0945 678 901',3,N'đang chờ xử lý',N'gv5.png',NULL, N'Trường THCS A'),
	(N'TEA000006',N'Hải Đăng',N'Huỳnh',1,'1998-04-08',N'99 Điện Biên Phủ, Quận Bình Thạnh, TP. Hồ Chí Minh',N'danghuynh@gmail.com',N'0956 789 012',3,N'đang chờ xử lý',N'gv6.png',NULL, N'Trường THCS A'),
	(N'TEA000007',N'Hoài An',N'Phan',0,'1998-10-02',N'30 Hàng Bông, Quận Hoàn Kiếm, Hà Nội',N'anphan@gmail.com',N'0967 890 123',3,N'đang chờ xử lý',N'gv7.png',NULL, N'Trường THCS A'),
	(N'TEA000008',N'Hồng Ngọc',N'Vũ',0,'1996-07-30',N'20 Võ Văn Kiệt, Quận Sơn Trà, Đà Nẵng',N'ngocvu@gmail.com',N'0978 901 234',3,N'đang làm việc',N'gv8.png',N'U000004', N'Trường THCS A'),
	(N'TEA000009',N'Hữu Tín',N'Võ',1,'1996-07-31',N'55 Trần Phú, TP. Nha Trang, Khánh Hòa',N'tinvo@gmail.com',N'0989 012 345',3,N'đang làm việc',N'gv9.png',NULL, N'Trường THCS A'),
	(N'TEA000010',N'Khánh Linh',N'Đặng',0,'1996-08-01',N'22 Lý Tự Trọng, Quận Ninh Kiều, Cần Thơ',N'linhdang@gmail.com',N'0990 123 456',3,N'đang làm việc',N'gv10.png',NULL, N'Trường THCS A'),
	(N'TEA000011',N'Kim Ngân',N'Bùi',0,'1995-06-07',N'78 Đinh Tiên Hoàng, TP. Vũng Tàu, Bà Rịa - Vũng Tàu',N'nganbui@gmail.com',N'0891 234 567',3,N'đang làm việc',N'gv11.png',NULL, N'Trường THCS B'),
	(N'TEA000012',N'Lan Anh',N'Đỗ',0,'1995-06-08',N'16 Nguyễn Thị Minh Khai, TP. Đà Lạt, Lâm Đồng',N'anhdo@gmail.com',N'0882 345 678',3,N'đang làm việc',N'gv12.png',NULL, N'Trường THCS B'),
	(N'TEA000013',N'Lê Phong',N'Hồ',1,'1993-03-09',N'80 Nguyễn Du, Quận Hai Bà Trưng, Hà Nội',N'phongho@gmail.com',N'0873 456 789',3,N'đang làm việc',N'gv13.png',NULL, N'Trường THCS B'),
	(N'TEA000014',N'Mai Phương',N'Ngô',0,'1993-03-10',N'50 Nguyễn Tất Thành, TP. Pleiku, Gia Lai',N'phuongngo@gmail.com',N'0864 567 890',3,N'đang làm việc',N'gv14.png',NULL, N'Trường THCS B'),
	(N'TEA000015',N'Minh Khang',N'Dương',1,'1992-12-08',N'25 Phạm Ngũ Lão, Quận 1, TP. Hồ Chí Minh',N'khangduong@gmail.com',N'0855 678 901',3,N'đang làm việc',N'gv15.png',NULL, N'Trường THCS B'),
	(N'TEA000016',N'Minh Thư',N'Lý',0,'1989-05-02',N'33 Lê Duẩn, Quận 1, TP. Hồ Chí Minh',N'thuly@gmail.com',N'0846 789 012',3,N'đang làm việc',N'gv16.png',NULL, N'Trường THCS B'),
	(N'TEA000017',N'Ngọc Anh',N'Trịnh',0,'1989-05-03',N'9 Bùi Thị Xuân, Quận Hai Bà Trưng, Hà Nội',N'anhtrinh@gmail.com',N'0837 890 123',3,N'đang làm việc',N'gv17.png',NULL, N'Trường THCS B'),
	(N'TEA000018',N'Ngọc Bích',N'Đinh',0,'1989-05-04',N'100 Bạch Đằng, Quận Hải Châu, Đà Nẵng',N'bichdinh@gmail.com',N'0828 901 234',3,N'đang làm việc',N'gv18.png',NULL, N'Trường THCS B'),
	(N'TEA000019',N'Ngọc Diệp',N'Hà',0,'1989-05-05',N'44 Lê Thánh Tôn, Quận 1, TP. Hồ Chí Minh',N'diepha@gmail.com',N'0819 012 345',3,N'đang làm việc',N'gv19.png',NULL, N'Trường THCS B'),
	(N'TEA000020',N'Phương Anh',N'Cao',0,'1988-11-07',N'57 Bà Triệu, Quận Hoàn Kiếm, Hà Nội',N'phuongcao@gmail.com',N'0800 123 456',3,N'đang làm việc',N'gv20.png',NULL, N'Trường THCS B'),
	(N'TEA000021',N'Phương Linh',N'Lâm',0,'1987-09-02',N'14 Trần Quang Khải, Quận 1, TP. Hồ Chí Minh',N'linhlam@gmail.com',N'0701 234 567',3,N'đang làm việc',N'ac1.png',null, N'Trường THCS B'),
	(N'TEA000022',N'Quang Huy',N'Lưu',1,'1987-09-03',N'36 Pasteur, Quận 1, TP. Hồ Chí Minh',N'huyluu@gmail.com',N'0712 345 678',3,N'đang làm việc',N'ac2.png',NULL, N'Trường THCS B'),
	(N'TEA000023',N'Quang Minh',N'Mai',1,'1983-01-07',N'120 Cách Mạng Tháng 8, Quận 3, TP. Hồ Chí Minh',N'minhmai@gmail.com',N'0723 456 789',3,N'đang làm việc',N'ac3.png',NULL, N'Trường THCS C'),
	(N'TEA000024',N'Thanh Hằng',N'Lương',0,'1983-01-08',N'200 Hai Bà Trưng, Quận 1, TP. Hồ Chí Minh',N'hangluong@gmail.com',N'0734 567 890',3,N'đã nghỉ việc',N'ac4.png',NULL, N'Trường THCS C'),
	(N'TEA000025',N'Thanh Tùng',N'Vương',1,'1983-01-09',N'300 Nguyễn Thị Minh Khai, Quận 3, TP. Hồ Chí Minh',N'tungvuong@gmail.com',N'0745 678 901',3,N'đã nghỉ việc',N'ac5.png',NULL, N'Trường THCS C'),
	(N'TEA000026', N'Phương Thảo', N'Ngô', 0, '1986-05-14', N'12 Lê Duẩn, Quận 1, TP. Hồ Chí Minh', N'thaongo@gmail.com', N'0756 789 019', 3, N'đang làm việc', N'ac6.png', NULL, N'Trường THPT A'),
	(N'TEA000027', N'Minh Tuấn', N'Đỗ', 1, '1984-11-22', N'85 Trần Phú, Quận 5, TP. Hồ Chí Minh', N'tuando@gmail.com', N'0767 890 124', 3, N'đang làm việc', N'ac7.png', NULL, N'Trường THPT A'),
	(N'TEA000028', N'Hồng Nhung', N'Lê', 0, '1988-08-30', N'99 Nguyễn Trãi, Quận 5, TP. Hồ Chí Minh', N'nhungle@gmail.com', N'0778 901 234', 3, N'đang làm việc', N'ac8.png', NULL, N'Trường THPT A'),
	(N'TEA000029', N'Trung Kiên', N'Phan', 1, '1985-03-11', N'150 Lý Thường Kiệt, Quận 10, TP. Hồ Chí Minh', N'kienphan@gmail.com', N'0789 012 346', 3, N'đang làm việc', N'ac9.png', NULL, N'Trường THPT B'),
	(N'TEA000030', N'Lan Phương', N'Bùi', 0, '1987-12-19', N'33 Nguyễn Đình Chiểu, Quận 3, TP. Hồ Chí Minh', N'phuongbui@gmail.com', N'0790 123 457', 3, N'đang làm việc', N'ac10.png', NULL, N'Trường THPT B'),
	(N'TEA000031', N'Quốc Khánh', N'Nguyễn', 1, '1989-06-27', N'144 Hai Bà Trưng, Quận 1, TP. Hồ Chí Minh', N'khanhnguyen@gmail.com', N'0701 234 568', 3, N'đang làm việc', N'ac11.png', NULL, N'Trường THPT B'),
	(N'TEA000032', N'Hải Yến', N'Trịnh', 0, '1982-10-05', N'55 Nam Kỳ Khởi Nghĩa, Quận 1, TP. Hồ Chí Minh', N'yentrinh@gmail.com', N'0702 345 679', 3, N'đang làm việc', N'ac12.png', NULL, N'Trường THPT C'),
	(N'TEA000033', N'Mạnh Hùng', N'Hồ', 1, '1981-04-18', N'222 Võ Thị Sáu, Quận 3, TP. Hồ Chí Minh', N'hungho@gmail.com', N'0703 456 780', 3, N'đang làm việc', N'ac13.png', NULL, N'Trường THPT C'),
	(N'TEA000034', N'Thảo Nhi', N'Phạm', 0, '1986-09-15', N'17 Tôn Đức Thắng, Quận 1, TP. Hồ Chí Minh', N'nhipham@gmail.com', N'0704 567 890', 3, N'đang làm việc', N'ac14.png', NULL, N'Trường THPT C'),
	(N'TEA000035', N'Nhật Nam', N'Vũ', 1, '1980-01-25', N'11 Nguyễn Văn Cừ, Quận 5, TP. Hồ Chí Minh', N'namvu@gmail.com', N'0705 678 901', 3, N'đang làm việc', N'ac15.png', NULL, N'Trường THPT C'),
	(N'AS000001',N'Thảo Nguyên',N'Tô',0,'1983-01-10',N'400 Nguyễn Văn Cừ, Quận 5, TP. Hồ Chí Minh',N'nguyento@gmail.com',N'0756 789 011',3,N'đang chờ xử lý',N'as1.png',NULL, N'Trường THCS C'),
	(N'AS000002',N'Thiên Bảo',N'Tạ',1,'1981-02-07',N'500 Trần Hưng Đạo, Quận 1, TP. Hồ Chí Minh',N'baota@gmail.com',N'0767 890 126',3,N'đang chờ xử lý',N'as2.png',NULL, N'Trường THCS C'),
	(N'AS000003',N'Thiên Kim',N'Trương',0,'1981-02-08',N'11 Trần Hưng Đạo, Quận 1, TP. Hồ Chí Minh',N'kimtruong@gmail.com',N'0778 901 235',3,N'đang chờ xử lý',N'as3.png',NULL, N'Trường THCS C'),
	(N'AS000004',N'Thùy Dung',N'Bạch',0,'1981-02-09',N'22 Phạm Ngũ Lão, Quận 1, TP. Hồ Chí Minh',N'dungbach@gmail.com',N'0789 012 340',3,N'đang chờ xử lý',N'as4.png',NULL, N'Trường THCS C'),
	(N'AS000005',N'Thùy Linh',N'Hứa',0,'1980-09-02',N'33 Lý Tự Trọng, Quận 1, TP. Hồ Chí Minh',N'linhhua@gmail.com',N'0790 123 450',3,N'đang chờ xử lý',N'as5.png',NULL, N'Trường THCS C'),
	(N'AS000006',N'Thùy Trang',N'Thái',0,'1980-09-03',N'44 Nguyễn Thái Học, Quận 1, TP. Hồ Chí Minh',N'trangthai@gmail.com',N'0601 234 569',2,N'đang làm việc',N'as6.png',N'U000003', null),
	(N'AS000007',N'Thuận Phong',N'Khổng',1,'1980-09-04',N'55 Nguyễn Trãi, Quận 1, TP. Hồ Chí Minh',N'phongkhong@gmail.com',N'0612 345 670',2,N'đang làm việc',N'as7.png',NULL, null),
	(N'AS000008',N'Tiến Đạt',N'Tôn',1,'1977-07-06',N'66 Trần Phú, Quận 1, TP. Hồ Chí Minh',N'dattton@gmail.com',N'0623 456 789',2,N'đang làm việc',N'as8.png',NULL,null),
	(N'AS000009',N'Trang Nhung',N'Đoàn',0,'1977-07-07',N'77 Võ Văn Tần, Quận 3, TP. Hồ Chí Minh',N'nhungdoan@gmail.com',N'0634 567 890',2,N'đang làm việc',N'as9.png',NULL,null),
	(N'AS000010',N'Trọng Nghĩa',N'Kiều',1,'1977-07-08',N'88 Nguyễn Đình Chiểu, Quận 3, TP. Hồ Chí Minh',N'nghiakieu@gmail.com',N'0645 678 901',2,N'đang làm việc',N'as10.png',NULL,null),
	(N'AS000011',N'Trung Hiếu',N'Châu',1,'1977-07-09',N'99 Lê Văn Sỹ, Quận Phú Nhuận, TP. Hồ Chí Minh',N'hieuchau@gmail.com',N'0656 789 012',2,N'đang làm việc',N'as11.png',NULL,NULL),
	(N'AS000012',N'Tường Vy',N'Quách',0,'1977-12-06',N'21 Đinh Bộ Lĩnh, Quận Bình Thạnh, TP. Hồ Chí Minh',N'vyquach@gmail.com',N'0667 890 123',2,N'đang làm việc',N'as12.png',NULL,NULL),
	(N'AS000013',N'Tuyết Mai',N'Tăng',0,'1975-03-09',N'32 Phan Xích Long, Quận Phú Nhuận, TP. Hồ Chí Minh',N'maitang@gmail.com',N'0678 901 234',2,N'đang làm việc',N'as13.png',NULL,NULL),
	(N'AS000014',N'Vân Khánh',N'Phùng',1,'1975-03-10',N'43 Nguyễn Hữu Cảnh, Quận Bình Thạnh, TP. Hồ Chí Minh',N'khanhphung@gmail.com',N'0689 012 345',2,N'đang làm việc',N'as14.png',NULL,NULL),
	(N'AS000015',N'Văn Sơn',N'Thạch',1,'1996-09-16',N'54 Bùi Viện, Quận 1, TP. Hồ Chí Minh',N'sonthach@gmail.com',N'0690 123 456',2,N'đang làm việc',N'as15.png',NULL,NULL),
	(N'HT000001',N'Xuân Hòa',N'Chu',1,'1996-09-17',N'65 Nguyễn Thị Nghĩa, Quận 1, TP. Hồ Chí Minh',N'hoachu@gmail.com',N'0991 234 567',1,N'đang làm việc',N'ht1.png',N'U000002',null),
	(N'AD000001',N'Xuân Khương',N'Phan',1,'1996-09-18',N'Hoà Lạc, Hà Nội',N'datnphe186023@fpt.edu.vn',N'0987 789 129',0,N'đang làm việc',N'ad1.png',N'U000001',null);

INSERT INTO [Students] VALUES (N'HS000001',N'U000005',N'Minh Anh',N'Nguyễn',N'123 Đường Kim Mã, Quận Ba Đình, Hà Nội',N'nguyen.duc@gmail.com',N'đang theo học','2019-07-07',1,N'Nguyễn Hằng',0912345678,N'pupil1.png',N'Nguyễn Đức  ',0912345778,N'as000010',NULL, N'Trường THCS A'),
	(N'HS000002',NULL,N'Thị Thu Hằng',N'Trần',N'456 Đường Láng Hạ, Quận Đống Đa, Hà Nội',N'tran.quang@gmail.com',N'đang theo học','2019-07-08',0,N'Trần Lan Anh',0912345679,N'pupil2.png',N'Trần Quang  ',0912345779,N'as000010',N'NONE', N'Trường THCS A'),
	(N'HS000003',NULL,N'Huy Hoàng',N'Lê',N'789 Đường Nguyễn Chí Thanh, Quận Đống Đa, Hà Nội',N'le.thanh@gmail.com',N'đang theo học','2019-07-09',0,N'Lê Ngọc Trâm',0912345680,N'pupil3.png',N'Lê Thành  ',0912345780,N'as000010',N'NONE', N'Trường THCS A'),
	(N'HS000004',NULL,N'Ngọc Lan',N'Phạm',N'101 Đường Điện Biên Phủ, Quận Ba Đình, Hà Nội',N'pham.tuan@gmail.com',N'đang theo học','2020-03-03',1,N'Phạm Minh Châu',0912345681,N'pupil4.png',N'Phạm Tuấn  ',0912345781,N'as000010',N'NONE', N'Trường THCS A'),
	(N'HS000005',NULL,N'Văn Đức',N'Đỗ',N'202 Đường Tôn Đức Thắng, Quận Đống Đa, Hà Nội',N'do.minh@gmail.com',N'đang theo học','2020-03-04',1,N'Hoàng Thuỳ Dương',0912345682,N'pupil5.png',N'Đỗ Minh  ',0912345782,N'as000010',N'NONE', N'Trường THCS A'),
	(N'HS000006',NULL,N'Thị Minh Châu',N'Hoàng',N'303 Đường Giảng Võ, Quận Ba Đình, Hà Nội',N'hoang.nam@gmail.com',N'đang theo học','2020-03-05',1,N'Vũ Kim Ngân',0912345683,N'pupil6.png',N'Hoàng Nam  ',0912345783,N'as000010',N'NONE', N'Trường THCS A'),
	(N'HS000007',NULL,N'Thanh Tùng',N'Vũ',N'404 Đường Nguyễn Thái Học, Quận Ba Đình, Hà Nội',N'vu.anh@gmail.com',N'đang theo học','2020-11-11',0,N'Đặng Thu Thảo',0912345684,N'pupil7.png',N'Vũ Anh  ',0912345784,N'as000010',N'NONE', N'Trường THCS A'),
	(N'HS000008',NULL,N'Phương Linh',N'Bùi',N'505 Đường Hai Bà Trưng, Quận Hoàn Kiếm, Hà Nội',N'bui.huy@gmail.com',N'đang theo học','2021-02-07',0,N'Bùi Quỳnh Chi',0912345685,N'pupil8.png',N'Bùi Huy  ',0912345785,N'as000010',N'NONE', N'Trường THCS A'),
	(N'HS000009',NULL,N'Quốc Bảo',N'Đinh',N'606 Đường Phố Huế, Quận Hai Bà Trưng, Hà Nội',N'dinh.hung@gmail.com',N'đang theo học','2021-02-08',1,N'Đỗ Thanh Hằng',0912345686,N'pupil9.png',N'Đinh Hùng  ',0912345786,N'as000010',N'NONE', N'Trường THCS A'),
	(N'HS000010',NULL,N'Thùy Dương',N'Đặng',N'707 Đường Lê Duẩn, Quận Hoàn Kiếm, Hà Nội',N'dang.trung@gmail.com',N'đang theo học','2021-02-09',1,N'Ngô Thanh Tâm',0912345687,N'pupil10.png',N'Đặng Trung  ',0912345787,N'as000010',N'NONE', N'Trường THCS A'),
	(N'HS000011',NULL,N'Tuấn Anh',N'Ngô',N'808 Đường Trần Hưng Đạo, Quận Hoàn Kiếm, Hà Nội',N'ngo.duy@gmail.com',N'đang theo học','2020-09-04',0,N'Võ Thị Thảo',0912345688,N'pupil11.png',N'Ngô Duy  ',0912345788,N'as000010',N'NONE', N'Trường THCS A'),
	(N'HS000012',NULL,N'Thị Kim Ngân',N'Dương',N'909 Đường Bà Triệu, Quận Hai Bà Trưng, Hà Nội',N'duong.thanh@gmail.com',N'đang theo học','2020-09-05',0,N'Nguyễn Thu Trang',0912345689,N'pupil12.png',N'Dương Thanh  ',0912345789,N'as000010',N'NONE', N'Trường THCS A'),
	(N'HS000013',NULL,N'Tiến Đạt',N'Lý',N'110 Đường Phan Chu Trinh, Quận Hoàn Kiếm, Hà Nội',N'ly.hoang@gmail.com',N'đang theo học','2020-09-06',1,N'Trần Quỳnh Chi',0912345690,N'pupil13.png',N'Lý Hoàng  ',0912345790,N'as000011',N'NONE', N'Trường THCS A'),
	(N'HS000014',NULL,N'Thuỳ Linh',N'Võ',N'211 Đường Lý Thường Kiệt, Quận Hoàn Kiếm, Hà Nội',N'vo.long@gmail.com',N'đang theo học','2021-03-31',1,N'Lê Huyền Trang',0912345691,N'pupil14.png',N'Võ Long  ',0912345791,N'as000011',N'NONE', N'Trường THCS A'),
	(N'HS000015',NULL,N'Hữu Hùng',N'Hồ',N'312 Đường Trần Khát Chân, Quận Hai Bà Trưng, Hà Nội',N'ho.quoc@gmail.com',N'đang theo học','2021-04-01',0,N'Phạm Thanh Hồng',0912345692,N'pupil15.png',N'Hồ Quốc  ',0912345792,N'as000011',N'NONE', N'Trường THCS A'),
	(N'HS000016',NULL,N'Quỳnh Chi',N'Châu',N'413 Đường Đại Cồ Việt, Quận Hai Bà Trưng, Hà Nội',N'chau.bao@gmail.com',N'đang theo học','2021-11-09',0,N'Trần Thu Thủy',0912345693,N'pupil16.png',N'Châu Bảo  ',0912345793,N'as000011',N'NONE', N'Trường THCS A'),
	(N'HS000017',NULL,N'Minh Tuấn',N'Trịnh',N'514 Đường Trần Bình Trọng, Quận Hoàn Kiếm, Hà Nội',N'trinh.duc@gmail.com',N'đang theo học','2021-11-10',1,N'Nguyễn Quỳnh Trang',0912345694,N'pupil17.png',N'Trịnh Đức  ',0912345794,N'as000011',N'NONE', N'Trường THCS A'),
	(N'HS000018',NULL,N'Phương Thảo',N'Cao',N'615 Đường Nguyễn Du, Quận Hai Bà Trưng, Hà Nội',N'cao.khanh@gmail.com',N'đang theo học','2021-11-11',0,N'Hoàng Thị Thùy Linh',0912345695,N'pupil18.png',N'Cao Khánh  ',0912345795,N'as000011',N'NONE', N'Trường THCS A'),
	(N'HS000019',NULL,N'Thị Lan Hương',N'Phan',N'716 Đường Lê Đại Hành, Quận Hai Bà Trưng, Hà Nội',N'phan.viet@gmail.com',N'đang theo học','2019-06-05',0,N'Lê Thanh Bình',0912345696,N'pupil19.png',N'Phan Việt  ',0912345796,N'as000012',N'NONE', N'Trường THCS A'),
	(N'HS000020',NULL,N'Thế Anh',N'Mai',N'817 Đường Phạm Ngọc Thạch, Quận Đống Đa, Hà Nội',N'mai.tri@gmail.com',N'đang theo học','2019-06-06',0,N'Nguyễn Thanh Bình',0912345697,N'pupil20.png',N'Mai Trí  ',0912345797,N'as000012',N'NONE', N'Trường THCS A'),
	(N'HS000021',NULL,N'Ngọc Mai',N'Tô',N'918 Đường Tây Sơn, Quận Đống Đa, Hà Nội',N'to.phong@gmail.com',N'đang theo học','2020-08-07',1,N'Trần Thanh Thuỷ',0912345698,N'pupil21.png',N'Tô Phong  ',0912345798,N'as000012',N'NONE', N'Trường THCS A'),
	(N'HS000022',NULL,N'Khánh Huyền',N'Đào',N'102 Đường Thái Hà, Quận Đống Đa, Hà Nội',N'dao.hai@gmail.com',N'đang theo học','2020-08-08',1,N'Phan Thị Hồng',0912345699,N'pupil22.png',N'Đào Hải  ',0912345799,N'as000012',N'NONE', N'Trường THCS A'),
	(N'HS000023',NULL,N'Anh Tú',N'Tạ',N'203 Đường Chùa Bộc, Quận Đống Đa, Hà Nội',N'ta.son@gmail.com',N'đang theo học','2020-08-09',1,N'Hoàng Thị Hồng Minh',0912345700,N'pupil23.png',N'Tạ Sơn  ',0912345800,N'as000012',N'NONE', N'Trường THCS A'),
	(N'HS000024',NULL,N'Thị Thu Trang',N'Lưu',N'304 Đường Đê La Thành, Quận Đống Đa, Hà Nội',N'luu.tuan@gmail.com',N'đang theo học','2020-08-10',0,N'Nguyễn Hồng Nhung',0912345701,N'pupil24.png',N'Lưu Tuấn  ',0912345801,N'as000012',N'NONE', N'Trường THCS A'),
	(N'HS000025',NULL,N'Nhật Minh',N'Tăng',N'405 Đường Hoàng Cầu, Quận Đống Đa, Hà Nội',N'tang.binh@gmail.com',N'đang theo học','2020-08-11',0,N'Trần Thị Thùy Linh',0912345702,N'pupil25.png',N'Tăng Bình  ',0912345802,N'as000012',N'NONE', N'Trường THCS A'),
	(N'HS000026',NULL,N'Hải Đăng',N'Hà',N'506 Đường Khâm Thiên, Quận Đống Đa, Hà Nội',N'ha.minh@gmail.com',N'đang theo học','2021-04-04',1,N'Lê Bảo Ngọc',0912345703,N'pupil26.png',N'Hà Minh  ',0912345803,N'as000012',N'NONE', N'Trường THCS B'),
	(N'HS000027',NULL,N'Hoài Nam',N'Từ',N'607 Đường Hào Nam, Quận Đống Đa, Hà Nội',N'tu.thang@gmail.com',N'đang theo học','2021-04-05',1,N'Phạm Thanh Bình',0912345704,N'pupil27.png',N'Từ Thắng  ',0912345804,N'as000012',N'NONE', N'Trường THCS B'),
	(N'HS000028',NULL,N'Mỹ Linh',N'Bạch',N'708 Đường Nguyễn Lương Bằng, Quận Đống Đa, Hà Nội',N'bach.hai@gmail.com',N'đang theo học','2019-10-01',0,N'Lê Ngọc Quỳnh',0912345705,N'pupil28.png',N'Bạch Hải  ',0912345805,N'as000014',N'NONE', N'Trường THCS B'),
	(N'HS000029',NULL,N'Khánh Linh',N'Triệu',N'809 Đường Tôn Thất Tùng, Quận Đống Đa, Hà Nội',N'trieu.dat@gmail.com',N'đang theo học','2019-10-02',0,N'Hoàng Hải Yến',0912345706,N'pupil29.png',N'Triệu Đạt  ',0912345806,N'as000014',N'NONE', N'Trường THCS B'),
	(N'HS000030',NULL,N'Minh Tuấn',N'Hứa',N'910 Đường Trung Kính, Quận Cầu Giấy, Hà Nội',N'hua.tam@gmail.com',N'đang theo học','2019-10-03',0,N'Trần Mai Phương',0912345707,N'pupil30.png',N'Hứa Tâm  ',0912345807,N'as000014',N'NONE', N'Trường THCS B'),
	(N'HS000031',NULL,N'Gia Hân',N'Tôn',N'111 Đường Nguyễn Khánh Toàn, Quận Cầu Giấy, Hà Nội',N'ton.nhat@gmail.com',N'đang theo học','2019-05-09',0,N'Lê Minh Tâm',0912345708,N'pupil31.png',N'Tôn Nhật  ',0912345808,N'as000014',N'NONE', N'Trường THCS B'),
	(N'HS000032',NULL,N'Thị Quỳnh',N'Văn',N'212 Đường Xuân Thủy, Quận Cầu Giấy, Hà Nội',N'van.an@gmail.com',N'đang theo học','2019-05-10',1,N'Nguyễn Thùy Dung',0912345709,N'pupil32.png',N'Văn An  ',0912345809,N'as000014',N'NONE', N'Trường THCS B'),
	(N'HS000033',NULL,N'Phương Nga',N'Thái',N'313 Đường Cầu Giấy, Quận Cầu Giấy, Hà Nội',N'thai.hoa@gmail.com',N'đang theo học','2021-06-29',1,N'Phạm Ngọc Trâm',0912345710,N'pupil33.png',N'Thái Hoa  ',0912345810,N'as000014',N'NONE', N'Trường THCS B'),
	(N'HS000034',NULL,N'Anh Khoa',N'Hàn',N'414 Đường Trần Duy Hưng, Quận Cầu Giấy, Hà Nội',N'han.viet@gmail.com',N'đang theo học','2021-06-30',0,N'Lê Thu Thủy',0912345711,N'pupil34.png',N'Hàn Việt  ',0912345811,N'as000014',N'NONE', N'Trường THCS B'),
	(N'HS000035',NULL,N'Thị Thuý Vy',N'Quách',N'515 Đường Nguyễn Chánh, Quận Cầu Giấy, Hà Nội',N'quach.tung@gmail.com',N'đang theo học','2021-07-01',1,N'Vũ Thanh Hà',0912345712,N'pupil35.png',N'Quách Tùng  ',0912345812,N'as000014',N'NONE', N'Trường THCS B'),
	(N'HS000036',NULL,N'Bảo Ngọc',N'Phùng',N'616 Đường Hoàng Quốc Việt, Quận Cầu Giấy, Hà Nội',N'phung.khai@gmail.com',N'đang theo học','2021-07-02',0,N'Trần Hồng Minh',0912345713,N'pupil36.png',N'Phùng Khải  ',0912345813,N'as000014',N'NONE', N'Trường THCS B'),
	(N'HS000037',NULL,N'Thanh Tùng',N'Kiều',N'717 Đường Lê Văn Lương, Quận Thanh Xuân, Hà Nội',N'kieu.duc@gmail.com',N'đang theo học','2021-07-03',0,N'Nguyễn Hà',0912345714,N'pupil37.png',N'Kiều Đức  ',0912345814,N'as000014',N'NONE', N'Trường THCS B'),
	(N'HS000038',NULL,N'Minh Phương',N'Ngọc',N'818 Đường Nguyễn Xiển, Quận Thanh Xuân, Hà Nội',N'ngoc.trong@gmail.com',N'đang theo học','2021-02-09',0,N'Trần Minh',0912345715,N'pupil38.png',N'Ngọc Trọng  ',0912345815,N'as000014',N'NONE', N'Trường THCS B'),
	(N'HS000039',NULL,N'Đức Anh',N'Giang',N'919 Đường Khuất Duy Tiến, Quận Thanh Xuân, Hà Nội',N'giang.hai@gmail.com',N'đang theo học','2021-02-10',0,N'Lê Thanh',0912345716,N'pupil39.png',N'Giang Hải  ',0912345816,N'as000014',N'NONE', N'Trường THCS B'),
	(N'HS000040',NULL,N'Ngọc Bích',N'Nguyễn',N'120 Đường Nguyễn Trãi, Quận Thanh Xuân, Hà Nội',N'nguyen.gia@gmail.com',N'đang theo học','2021-02-11',0,N'Hoàng Thu',0912345717,N'pupil40.png',N'Nguyễn Gia  ',0912345817,N'as000014',N'NONE', N'Trường THCS C'),
	(N'HS000041',NULL,N'Thị Hải Yến',N'Chu',N'221 Đường Vũ Trọng Phụng, Quận Thanh Xuân, Hà Nội',N'chu.thang@gmail.com',N'đang theo học','2021-02-12',1,N'Phan Huyền',0912345718,N'pupil41.png',N'Chu Thắng  ',0912345818,N'as000014',N'NONE',N'Trường THCS C'),
	(N'HS000042',NULL,N'Hồng Phúc',N'Khương',N'322 Đường Lê Trọng Tấn, Quận Thanh Xuân, Hà Nội',N'khuong.an@gmail.com',N'đang theo học','2021-02-13',0,N'Vũ Kim',0912345719,N'pupil42.png',N'Khương An  ',0912345819,N'as000014',N'NONE',N'Trường THCS C'),
	(N'HS000043',NULL,N'Hoàng Nam',N'Hùng',N'423 Đường Nguyễn Tuân, Quận Thanh Xuân, Hà Nội',N'hung.dai@gmail.com',N'đang theo học','2021-02-14',0,N'Phan Thúy',0912345720,N'pupil43.png',N'Hùng Đại  ',0912345820,N'as000014',N'NONE',N'Trường THCS C'),
	(N'HS000044',NULL,N'Thị Bích Ngọc',N'Thân',N'524 Đường Trường Chinh, Quận Thanh Xuân, Hà Nội',N'than.tuan@gmail.com',N'đang theo học','2021-02-15',0,N'Hoàng Hương',0912345721,N'pupil44.png',N'Thân Tuấn  ',0912345821,N'as000014',N'NONE',N'Trường THCS C'),
	(N'HS000045',NULL,N'Đình Dũng',N'Mạc',N'625 Đường Hoàng Đạo Thúy, Quận Thanh Xuân, Hà Nội',N'mac.van@gmail.com',N'đang theo học','2021-02-16',1,N'Đặng Thuý',0912345722,N'pupil45.png',N'Mạc Văn  ',0912345822,N'as000014',N'NONE',N'Trường THCS C'),
	(N'HS000046',NULL,N'Mai Phương',N'Tiêu',N'726 Đường Nguyễn Quý Đức, Quận Thanh Xuân, Hà Nội',N'tieu.hung@gmail.com',N'đang theo học','2021-10-31',0,N'Nguyễn Ngân',0912345723,N'pupil46.png',N'Tiêu Hưng  ',0912345823,N'as000014',N'NONE',N'Trường THCS C'),
	(N'HS000047',NULL,N'Anh Dũng',N'Trương',N'827 Đường Phùng Khoang, Quận Nam Từ Liêm, Hà Nội',N'truong.duy@gmail.com',N'đang theo học','2021-11-01',0,N'Trần Phương',0912345724,N'pupil47.png',N'Trương Duy  ',0912345824,N'as000014',N'NONE',N'Trường THCS C'),
	(N'HS000048',NULL,N'Thị Minh Tâm',N'Lại',N'928 Đường Trần Hữu Dực, Quận Nam Từ Liêm, Hà Nội',N'lai.dang@gmail.com',N'đang theo học','2021-11-02',1,N'Lê Hoàng',0912345725,N'pupil48.png',N'Lại Đăng  ',0912345825,N'as000014',N'NONE',N'Trường THCS C'),
	(N'HS000049',NULL,N'Thùy Dung',N'Kim',N'103 Đường Nguyễn Cơ Thạch, Quận Nam Từ Liêm, Hà Nội',N'kim.son@gmail.com',N'đang theo học','2021-07-08',1,N'Nguyễn Thảo',0912345726,N'pupil49.png',N'Kim Sơn  ',0912345826,N'as000014',N'NONE',N'Trường THCS C'),
	(N'HS000050',NULL,N'Quang Huy',N'Trần',N'204 Đường Mỹ Đình, Quận Nam Từ Liêm, Hà Nội',N'tran.huu@gmail.com',N'đang theo học','2021-07-09',1,N'Trần Linh',0912345727,N'pupil50.png',N'Trần Hữu  ',0912345827,N'as000014',N'NONE',N'Trường THCS C'),
	(N'HS000051',NULL,N'Thị Thanh Hà',N'Lý',N'305 Đường Lê Đức Thọ, Quận Nam Từ Liêm, Hà Nội',N'ly.dinh@gmail.com',N'đang theo học','2019-02-03',1,N'Phan Thảo',0912345728,N'pupil51.png',N'Lý Đình  ',0912345828,N'as000014',N'NONE',N'Trường THCS C'),
	(N'HS000052',NULL,N'Ngọc Trâm',N'Mẫn',N'406 Đường Hàm Nghi, Quận Nam Từ Liêm, Hà Nội',N'man.khanh@gmail.com',N'đang theo học','2019-02-04',1,N'Hoàng Anh',0912345729,N'pupil52.png',N'Mẫn Khánh  ',0912345829,N'as000014',N'NONE',N'Trường THCS C'),
	(N'HS000053',NULL,N'Văn Quân',N'La',N'507 Đường Nguyễn Hoàng, Quận Nam Từ Liêm, Hà Nội',N'la.hoang@gmail.com',N'đang theo học','2019-02-05',0,N'Lê Hải',0912345730,N'pupil53.png',N'La Hoàng  ',0912345830,N'as000014',N'NONE',N'Trường THCS C'),
	(N'HS000054',NULL,N'Thị Bích Trâm',N'Lữ',N'608 Đường Đình Thôn, Quận Nam Từ Liêm, Hà Nội',N'lu.tin@gmail.com',N'đang theo học','2020-10-01',0,N'Vũ Hà',0912345731,N'pupil54.png',N'Lữ Tín  ',0912345831,N'as000014',N'NONE',N'Trường THCS C'),
	(N'HS000055',NULL,N'Quốc Khánh',N'Cổ',N'709 Đường Mễ Trì, Quận Nam Từ Liêm, Hà Nội',N'co.hai@gmail.com',N'đang theo học','2020-10-02',1,N'Đinh Trâm',0912345732,N'pupil55.png',N'Cổ Hải  ',0912345832,N'as000014',N'NONE',N'Trường THCS C'),
	(N'HS000056',NULL,N'Thị Thu Thủy',N'Địch',N'810 Đường Phạm Hùng, Quận Nam Từ Liêm, Hà Nội',N'dich.tung@gmail.com',N'đang theo học','2020-06-08',0,N'Trần Anh',0912345733,N'pupil56.png',N'Địch Tùng  ',0912345833,N'as000014',N'NONE',N'Trường THCS C'),
	(N'HS000057',NULL,N'Minh Quân',N'Cao',N'911 Đường Hồ Tùng Mậu, Quận Nam Từ Liêm, Hà Nội',N'cao.tuan@gmail.com',N'đang theo học','2020-06-09',0,N'Lê Hoàng',0912345734,N'pupil57.png',N'Cao Tuấn  ',0912345834,N'as000014',N'NONE',N'Trường THCS C'),
	(N'HS000058',NULL,N'Thị Kim Oanh',N'Triệu',N'122 Đường Xuân La, Quận Tây Hồ, Hà Nội',N'trieu.phong@gmail.com',N'đang theo học','2021-02-03',0,N'Trần Hiền',0912345735,N'pupil58.png',N'Triệu Phong  ',0912345835,N'as000014',N'NONE', N'Trường THPT A'),
	(N'HS000059',NULL,N'Quốc Bảo',N'Đàm',N'223 Đường Âu Cơ, Quận Tây Hồ, Hà Nội',N'dam.hoa@gmail.com',N'đang theo học','2021-02-04',1,N'Nguyễn Hồng',0912345736,N'pupil59.png',N'Đàm Hòa  ',0912345836,N'as000014',N'NONE', N'Trường THPT A'),
	(N'HS000060',NULL,N'Hải Yến',N'Vương',N'324 Đường Võ Chí Công, Quận Tây Hồ, Hà Nội',N'vuong.linh@gmail.com',N'đang theo học','2021-02-05',1,N'Hoàng Quân',0912345737,N'pupil60.png',N'Vương Linh  ',0912345837,N'as000014',N'NONE', N'Trường THPT A'),
	(N'HS000061',NULL,N'Tuấn Kiệt',N'Vương',N'425 Đường Lạc Long Quân, Quận Tây Hồ, Hà Nội',N'pham.minh@gmail.com',N'đang theo học','2021-10-12',0,N'Trần Trang',0912345738,N'pupil61.png',N'Phạm Minh  ',0912345838,N'as000014',N'NONE', N'Trường THPT A'),
	(N'HS000062',NULL,N'Thanh Tùng',N'Vương',N'526 Đường Tô Ngọc Vân, Quận Tây Hồ, Hà Nội',N'lam.viet@gmail.com',N'đang theo học','2021-10-13',0,N'Nguyễn Lan',0912345739,N'pupil62.png',N'Lâm Việt  ',0912345839,N'as000014',N'NONE', N'Trường THPT A'),
	(N'HS000063',NULL,N'Thị Thanh Hương',N'Vương',N'627 Đường Yên Phụ, Quận Tây Hồ, Hà Nội',N'trinh.dai@gmail.com',N'đang theo học','2021-10-14',1,N'Lê Thúy',0912345740,N'pupil63.png',N'Trình Đại  ',0912345840,N'as000014',N'NONE', N'Trường THPT A'),
	(N'HS000064',NULL,N'Thị Hồng Nhung',N'Phạm',N'728 Đường An Dương, Quận Tây Hồ, Hà Nội',N'thach.ngoc@gmail.com',N'đang theo học','2021-10-15',1,N'Nguyễn Thủy',0912345741,N'pupil64.png',N'Thạch Ngọc  ',0912345841,N'as000014',N'NONE', N'Trường THPT A'),
	(N'HS000065',NULL,N'Anh Tuấn',N'Lâm',N'829 Đường Thụy Khuê, Quận Tây Hồ, Hà Nội',N'hung.phuc@gmail.com',N'đang theo học','2021-10-16',0,N'Trần Bích',0912345742,N'pupil65.png',N'Hùng Phúc  ',0912345842,N'as000014',N'NONE', N'Trường THPT A'),
	(N'HS000066',NULL,N'Ngọc Sơn',N'Trình',N'930 Đường Nghi Tàm, Quận Tây Hồ, Hà Nội',N'khuc.hai@gmail.com',N'đang theo học','2021-10-17',1,N'Vũ Yến',0912345743,N'pupil66.png',N'Khúc Hải  ',0912345843,N'as000014',N'NONE', N'Trường THPT A'),
	(N'HS000067',NULL,N'Thị Hồng Minh',N'Thạch',N'131 Đường Võ Văn Kiệt, Quận Long Biên, Hà Nội',N'lieu.duy@gmail.com',N'đang theo học','2021-10-18',1,N'Nguyễn Nhung',0912345744,N'pupil67.png',N'Liêu Duy  ',0912345844,N'as000014',N'NONE', N'Trường THPT A'),
	(N'HS000068',NULL,N'Khánh Hà',N'Hùng',N'232 Đường Nguyễn Văn Cừ, Quận Long Biên, Hà Nội',N'vi.quang@gmail.com',N'đang theo học','2021-10-19',0,N'Lê Loan',0912345745,N'pupil68.png',N'Vi Quang  ',0912345845,N'as000014',N'NONE', N'Trường THPT A'),
	(N'HS000069',NULL,N'Ngọc Minh',N'Khúc',N'333 Đường Ngọc Lâm, Quận Long Biên, Hà Nội',N'ong.bao@gmail.com',N'đang theo học','2021-10-20',1,N'Hoàng Thanh',0912345746,N'pupil69.png',N'Ông Bảo  ',0912345846,N'as000014',N'NONE', N'Trường THPT A'),
	(N'HS000070',NULL,N'Huyền Trang',N'Liêu',N'434 Đường Ngô Gia Tự, Quận Long Biên, Hà Nội',N'tao.thanh@gmail.com',N'đang theo học','2021-10-21',0,N'Phạm Diệu',0912345747,N'pupil70.png',N'Tào Thanh  ',0912345847,N'as000014',N'NONE', N'Trường THPT A'),
	(N'HS000071',NULL,N'Thị Hồng',N'Vi',N'535 Đường Nguyễn Văn Linh, Quận Long Biên, Hà Nội',N'vien.tri@gmail.com',N'đang theo học','2019-08-03',1,N'Vũ Mai',0912345748,N'pupil71.png',N'Viên Trí  ',0912345848,N'as000014',N'NONE', N'Trường THPT A'),
	(N'HS000072',NULL,N'Quang Minh',N'Ông',N'636 Đường Sài Đồng, Quận Long Biên, Hà Nội',N'thuc.duc@gmail.com',N'đang theo học','2019-08-04',0,N'Lê Hạnh',0912345749,N'pupil72.png',N'Thục Đức  ',0912345849,N'as000014',N'NONE', N'Trường THPT A'),
	(N'HS000073',NULL,N'Thị Lan Anh',N'Tào',N'737 Đường Cổ Linh, Quận Long Biên, Hà Nội',N'dong.hoa@gmail.com',N'đang theo học','2019-08-05',0,N'Nguyễn Tuyết',0912345750,N'pupil73.png',N'Đồng Hòa  ',0912345850,N'as000014',N'NONE', N'Trường THPT A'),
	(N'HS000074',NULL,N'Thị Thảo',N'Viên',N'838 Đường Đàm Quang Trung, Quận Long Biên, Hà Nội',N'dam.tai@gmail.com',N'đang theo học','2019-02-11',1,N'Trần Hương',0912345751,N'pupil74.png',N'Đàm Tài  ',0912345851,N'as000014',N'NONE', N'Trường THPT A'),
	(N'HS000075',NULL,N'Đức Minh',N'Thục',N'939 Đường Phúc Lợi, Quận Long Biên, Hà Nội',N'hong.quan@gmail.com',N'đang theo học','2019-02-12',0,N'Đinh Dung',0912345752,N'pupil75.png',N'Hồng Quân  ',0912345852,N'as000014',N'NONE', N'Trường THPT A'),
	(N'HS000076',NULL,N'Ngọc Bích',N'Đồng',N'140 Đường Bồ Đề, Quận Long Biên, Hà Nội',N'van.hieu@gmail.com',N'đang theo học','2019-02-13',0,N'Lê Ngọc',0912345753,N'pupil76.png',N'Vạn Hiếu  ',0912345853,N'as000014',N'NONE', N'Trường THPT A'),
	(N'HS000077',NULL,N'Thị Thanh Bình',N'Đàm',N'241 Đường Thạch Bàn, Quận Long Biên, Hà Nội',N'banh.bao@gmail.com',N'đang theo học','2019-02-14',0,N'Trần Thắm',0912345754,N'pupil77.png',N'Bành Bảo  ',0912345854,N'as000014',N'NONE', N'Trường THPT A'),
	(N'HS000078',NULL,N'Quốc Toàn',N'Hồng',N'342 Đường Tư Đình, Quận Long Biên, Hà Nội',N'hua.thinh@gmail.com',N'đang theo học','2020-10-10',0,N'Nguyễn Cúc',0912345755,N'pupil78.png',N'Hứa Thịnh  ',0912345855,N'as000014',N'NONE', N'Trường THPT A'),
	(N'HS000079',NULL,N'Nhật Minh',N'Vạn',N'443 Đường Gia Thụy, Quận Long Biên, Hà Nội',N'luong.tuan@gmail.com',N'đang theo học','2020-10-11',0,N'Trần Xuân',0912345756,N'pupil79.png',N'Lương Tuấn  ',0912345856,N'as000014',N'NONE', N'Trường THPT A'),
	(N'HS000080',NULL,N'Hải Nam',N'Bành',N'544 Đường Phố Trạm, Quận Long Biên, Hà Nội',N'tran.bao@gmail.com',N'đang theo học','2020-10-12',0,N'Lê Liên',0912345757,N'pupil80.png',N'Trần Bảo  ',0912345857,N'as000014',N'NONE', N'Trường THPT A'),
	(N'HS000081',NULL,N'Ngọc Quỳnh',N'Hứa',N'645 Đường Long Biên 1, Quận Long Biên, Hà Nội',N'manh.quan@gmail.com',N'đang theo học','2020-10-13',1,N'Hoàng Ánh',0912345758,N'pupil81.png',N'Mạnh Quân  ',0912345858,N'as000014',N'NONE', N'Trường THPT A'),
	(N'HS000082',NULL,N'Thị Thu',N'Lương',N'746 Đường Long Biên 2, Quận Long Biên, Hà Nội',N'doan.hoang@gmail.com',N'đang theo học','2020-10-14',1,N'Phạm Phượng',0912345759,N'pupil82.png',N'Doãn Hoàng  ',0912345859,N'as000014',N'NONE', N'Trường THPT B'),
	(N'HS000083',NULL,N'Văn Thành',N'Trần',N'847 Đường Vạn Hạnh, Quận Long Biên, Hà Nội',N'luu.quoc@gmail.com',N'đang theo học','2020-10-15',0,N'Nguyễn Ái',0912345760,N'pupil83.png',N'Lưu Quốc  ',0912345860,N'as000014',N'NONE', N'Trường THPT B'),
	(N'HS000084',NULL,N'Hồng Phong',N'Trần',N'948 Đường Ngọc Thụy, Quận Long Biên, Hà Nội',N'la.tam@gmail.com',N'đang theo học','2020-10-16',0,N'Trần Thơ',0912345761,N'pupil84.png',N'La Tâm  ',0912345861,N'as000014',N'NONE', N'Trường THPT B'),
	(N'HS000085',NULL,N'Phương Anh',N'Trần',N'150 Đường Thượng Thanh, Quận Long Biên, Hà Nội',N'tang.hoang@gmail.com',N'đang theo học','2020-10-17',1,N'Lê Ngà',0912345762,N'pupil85.png',N'Tăng Hoàng  ',0912345862,N'as000014',N'NONE', N'Trường THPT B'),
	(N'HS000086',NULL,N'Thị Thùy Trang',N'Trần',N'251 Đường Hoàng Như Tiếp, Quận Long Biên, Hà Nội',N'chu.duc@gmail.com',N'đang chờ xử lý','2020-10-18',1,N'Nguyễn Thanh',0912345763,N'pupil86.png',N'Chu Đức  ',0912345863,N'as000014',N'NONE', N'Trường THPT B'),
	(N'HS000087',NULL,N'Hải Anh',N'Trần',N'352 Đường Đức Giang, Quận Long Biên, Hà Nội',N'truong.hai@gmail.com',N'đang chờ xử lý','2020-10-19',1,N'Vũ Ngọc',0912345764,N'pupil87.png',N'Trương Hải  ',0912345864,N'as000014',N'NONE', N'Trường THPT B'),
	(N'HS000088',NULL,N'Tiến Mạnh',N'Trần',N'453 Đường Giang Biên, Quận Long Biên, Hà Nội',N'mac.minh@gmail.com',N'đang chờ xử lý','2020-10-20',0,N'Phan Phương',0912345765,N'pupil88.png',N'Mạc Minh  ',0912345865,N'as000014',N'NONE', N'Trường THPT B'),
	(N'HS000089',NULL,N'Thị Ngọc Hà',N'Trần',N'554 Đường Cự Khối, Quận Long Biên, Hà Nội',N'tieu.thanh@gmail.com',N'đang chờ xử lý','2020-10-21',1,N'Hoàng Anh',0912345766,N'pupil89.png',N'Tiêu Thành  ',0912345866,N'as000014',N'NONE', N'Trường THPT B'),
	(N'HS000090',NULL,N'Thành Long',N'Trần',N'655 Đường Thạch Cầu, Quận Long Biên, Hà Nội',N'than.luc@gmail.com',N'đang chờ xử lý','2020-10-22',0,N'Lê Quyên',0912345767,N'pupil90.png',N'Thân Lực  ',0912345867,N'as000014',N'NONE', N'Trường THPT B'),
	(N'HS000091',NULL,N'Khánh Vân',N'Mạnh',N'756 Đường Ngũ Gia, Quận Long Biên, Hà Nội',N'nguyen.huu@gmail.com',N'đang chờ xử lý','2020-10-23',1,N'Trần Lâm',0912345768,N'pupil91.png',N'Nguyễn Hữu  ',0912345868,N'as000014',N'NONE', N'Trường THPT B'),
	(N'HS000092',NULL,N'Thị Huyền',N'Doãn',N'857 Đường Việt Hưng, Quận Long Biên, Hà Nội',N'tran.phu@gmail.com',N'đang theo học','2020-10-24',0,N'Lê Oanh',0912345769,N'pupil92.png',N'Trần Phú  ',0912345869,N'as000014',N'NONE', N'Trường THPT B'),
	(N'HS000093',NULL,N'Thị Kim Ngân',N'Lưu',N'958 Đường Kim Quan, Quận Long Biên, Hà Nội',N'ly.tuan@gmail.com',N'đang theo học','2020-10-25',0,N'Nguyễn Hồng',0912345770,N'pupil93.png',N'Lý Tuấn  ',0912345870,N'as000014',N'NONE', N'Trường THPT B'),
	(N'HS000094',NULL,N'Anh Thư',N'La',N'Đường Hoàng Minh Giám, Quận Cầu Giấy, Hà Nội',N'man.hai@gmail.com',N'đang theo học','2020-10-26',1,N'Hoàng Hoa',0912345771,N'pupil94.png',N'Mẫn Hải  ',0965432108,N'as000014',N'NONE', N'Trường THPT C'),
	(N'HS000095',NULL,N'Thanh Bình',N'Tăng',N'Đường Văn Cao, Quận Ba Đình, Hà Nội',N'la.quang@gmail.com',N'đang theo học','2020-10-27',0,N'Lê Thủy',0912345772,N'pupil95.png',N'La Quang  ',0965432109,N'as000014',N'NONE', N'Trường THPT C'),
	(N'HS000096',NULL,N'Thị Thu Hiền',N'Chu',N'Đường Phùng Hưng, Quận Hoàn Kiếm, Hà Nội',N'lu.bao@gmail.com',N'đang theo học','2020-10-28',0,N'Vũ Vân',0912345773,N'pupil96.png',N'Lữ Bảo  ',0954321098,N'as000014',N'NONE', N'Trường THPT C'),
	(N'HS000097',NULL,N'Mạnh Cường',N'Trương',N'Đường Ngô Quyền, Quận Hoàn Kiếm, Hà Nội',N'co.hung@gmail.com',N'đang theo học','2020-06-03',0,N'Nguyễn Hồng',0912345774,N'pupil97.png',N'Cổ Hùng  ',0943210987,N'as000014',N'NONE', N'Trường THPT C'),
	(N'HS000098',NULL,N'Huyền My',N'Mạc',N'Đường Đinh Tiên Hoàng, Quận Hoàn Kiếm, Hà Nội',N'dich.tai@gmail.com',N'đang theo học','2021-11-29',1,N'Đinh Dung',0912345775,N'pupil98.png',N'Địch Tài  ',0932109876,N'as000014',N'NONE', N'Trường THPT C'),
	(N'HS000099',NULL,N'Thị Thanh Tâm',N'Tiêu',N'Đường Hàng Bài, Quận Hoàn Kiếm, Hà Nội',N'cao.minh@gmail.com',N'đang theo học','2021-11-30',0,N'Trần Trâm',0912345776,N'pupil99.png',N'Cao Minh  ',0921098765,N'as000014',N'NONE', N'Trường THPT C'),
	(N'HS000100',NULL,N'Quỳnh Trang',N'Thân',N'Đường Đinh Tiên Hoàng, Quận Hoàn Kiếm, Hà Nội',N'trieu.dong@gmail.com',N'đã thôi học','2021-12-01',1,N'Nguyễn Mai',0912345777,N'pupil100.png',N'Triệu Đông',0910987654,N'as000014',N'NONE', N'Trường THPT C');

	INSERT INTO [SchoolYears] VALUES (N'SY000001',N'2025-2026','2025-09-05','2026-05-30',N'năm học 2025-2026',N'ad000001'),
	(N'SY000002',N'2026-2027','2026-09-04','2027-05-30',N'năm học 2026-2027',N'ad000001');
	INSERT INTO [Weeks] VALUES (N'W000001','2025-09-05','2025-09-09',N'SY000001'),
	(N'W000002','2025-09-12','2025-09-16',N'SY000001'),
	(N'W000003','2025-09-19','2025-09-23',N'SY000001'),
	(N'W000004','2025-09-26','2025-09-30',N'SY000001'),
	(N'W000005','2025-10-03','2025-10-07',N'SY000001'),
	(N'W000006','2025-10-10','2025-10-14',N'SY000001'),
	(N'W000007','2025-10-17','2025-10-21',N'SY000001'),
	(N'W000008','2025-10-24','2025-10-28',N'SY000001'),
	(N'W000009','2025-10-31','2025-11-04',N'SY000001'),
	(N'W000010','2025-11-07','2025-11-11',N'SY000001'),
	(N'W000011','2025-11-14','2025-11-18',N'SY000001'),
	(N'W000012','2025-11-21','2025-11-25',N'SY000001'),
	(N'W000013','2025-11-28','2025-12-02',N'SY000001'),
	(N'W000014','2025-12-05','2025-12-09',N'SY000001'),
	(N'W000015','2025-12-12','2025-12-16',N'SY000001'),
	(N'W000016','2025-12-19','2025-12-23',N'SY000001'),
	(N'W000017','2025-12-26','2025-12-30',N'SY000001'),
	(N'W000018','2026-01-02','2026-01-06',N'SY000001'),
	(N'W000019','2026-01-09','2026-01-13',N'SY000001'),
	(N'W000020','2026-01-16','2026-01-20',N'SY000001'),
	(N'W000021','2026-01-23','2026-01-27',N'SY000001'),
	(N'W000022','2026-01-30','2026-02-03',N'SY000001'),
	(N'W000023','2026-02-06','2026-02-10',N'SY000001'),
	(N'W000024','2026-02-13','2026-02-17',N'SY000001'),
	(N'W000025','2026-02-20','2026-02-24',N'SY000001'),
	(N'W000026','2026-02-27','2026-03-03',N'SY000001'),
	(N'W000027','2026-03-06','2026-03-10',N'SY000001'),
	(N'W000028','2026-03-13','2026-03-17',N'SY000001'),
	(N'W000029','2026-03-20','2026-03-24',N'SY000001'),
	(N'W000030','2026-03-27','2026-03-31',N'SY000001'),
	(N'W000031','2026-04-03','2026-04-07',N'SY000001'),
	(N'W000032','2026-04-10','2026-04-14',N'SY000001'),
	(N'W000033','2026-04-17','2026-04-21',N'SY000001'),
	(N'W000034','2026-04-24','2026-04-28',N'SY000001'),
	(N'W000035','2026-05-01','2026-05-05',N'SY000001'),
	(N'W000036','2026-05-08','2026-05-12',N'SY000001'),
	(N'W000037','2026-05-15','2026-05-19',N'SY000001'),
	(N'W000038','2026-05-22','2026-05-26',N'SY000001'),
	(N'W000039','2026-05-29','2026-06-02',N'SY000001'),
	(N'W000040','2026-09-04','2026-09-08',N'SY000002'),
	(N'W000041','2026-09-11','2026-09-15',N'SY000002'),
	(N'W000042','2026-09-18','2026-09-22',N'SY000002'),
	(N'W000043','2026-09-25','2026-09-29',N'SY000002'),
	(N'W000044','2026-10-02','2026-10-06',N'SY000002'),
	(N'W000045','2026-10-09','2026-10-13',N'SY000002'),
	(N'W000046','2026-10-16','2026-10-20',N'SY000002'),
	(N'W000047','2026-10-23','2026-10-27',N'SY000002'),
	(N'W000048','2026-10-30','2026-11-03',N'SY000002'),
	(N'W000049','2026-11-06','2026-11-10',N'SY000002'),
	(N'W000050','2026-11-13','2026-11-17',N'SY000002'),
	(N'W000051','2026-11-20','2026-11-24',N'SY000002'),
	(N'W000052','2026-11-27','2026-12-01',N'SY000002'),
	(N'W000053','2026-12-04','2026-12-08',N'SY000002'),
	(N'W000054','2026-12-11','2026-12-15',N'SY000002'),
	(N'W000055','2026-12-18','2026-12-22',N'SY000002'),
	(N'W000056','2026-12-25','2026-12-29',N'SY000002'),
	(N'W000057','2027-01-01','2027-01-05',N'SY000002'),
	(N'W000058','2027-01-08','2027-01-12',N'SY000002'),
	(N'W000059','2027-01-15','2027-01-19',N'SY000002'),
	(N'W000060','2027-01-22','2027-01-26',N'SY000002'),
	(N'W000061','2027-01-29','2027-02-02',N'SY000002'),
	(N'W000062','2027-02-05','2027-02-09',N'SY000002'),
	(N'W000063','2027-02-12','2027-02-16',N'SY000002'),
	(N'W000064','2027-02-19','2027-02-23',N'SY000002'),
	(N'W000065','2027-02-26','2027-03-01',N'SY000002'),
	(N'W000066','2027-03-04','2027-03-08',N'SY000002'),
	(N'W000067','2027-03-11','2027-03-15',N'SY000002'),
	(N'W000068','2027-03-18','2027-03-22',N'SY000002'),
	(N'W000069','2027-03-25','2027-03-29',N'SY000002'),
	(N'W000070','2027-04-01','2027-04-05',N'SY000002'),
	(N'W000071','2027-04-08','2027-04-12',N'SY000002'),
	(N'W000072','2027-04-15','2027-04-19',N'SY000002'),
	(N'W000073','2027-04-22','2027-04-26',N'SY000002'),
	(N'W000074','2027-04-29','2027-05-03',N'SY000002'),
	(N'W000075','2027-05-06','2027-05-10',N'SY000002'),
	(N'W000076','2027-05-13','2027-05-17',N'SY000002'),
	(N'W000077','2027-05-20','2027-05-24',N'SY000002'),
	(N'W000078','2027-05-27','2027-05-31',N'SY000002');

	INSERT INTO [Days] VALUES (N'D000001',N'W000001','2025-09-05'),
	(N'D000002',N'W000001','2025-09-06'),
	(N'D000003',N'W000001','2025-09-07'),
	(N'D000004',N'W000001','2025-09-08'),
	(N'D000005',N'W000001','2025-09-09'),
	(N'D000006',N'W000001','2025-09-10'),
	(N'D000007',N'W000001','2025-09-11'),
	(N'D000008',N'W000002','2025-09-12'),
	(N'D000009',N'W000002','2025-09-13'),
	(N'D000010',N'W000002','2025-09-14'),
	(N'D000011',N'W000002','2025-09-15'),
	(N'D000012',N'W000002','2025-09-16'),
	(N'D000013',N'W000002','2025-09-17'),
	(N'D000014',N'W000002','2025-09-18'),
	(N'D000015',N'W000003','2025-09-19'),
	(N'D000016',N'W000003','2025-09-20'),
	(N'D000017',N'W000003','2025-09-21'),
	(N'D000018',N'W000003','2025-09-22'),
	(N'D000019',N'W000003','2025-09-23'),
	(N'D000020',N'W000003','2025-09-24'),
	(N'D000021',N'W000003','2025-09-25'),
	(N'D000022',N'W000004','2025-09-26'),
	(N'D000023',N'W000004','2025-09-27'),
	(N'D000024',N'W000004','2025-09-28'),
	(N'D000025',N'W000004','2025-09-29'),
	(N'D000026',N'W000004','2025-09-30'),
	(N'D000027',N'W000004','2025-10-01'),
	(N'D000028',N'W000004','2025-10-02'),
	(N'D000029',N'W000005','2025-10-03'),
	(N'D000030',N'W000005','2025-10-04'),
	(N'D000031',N'W000005','2025-10-05'),
	(N'D000032',N'W000005','2025-10-06'),
	(N'D000033',N'W000005','2025-10-07'),
	(N'D000034',N'W000005','2025-10-08'),
	(N'D000035',N'W000005','2025-10-09'),
	(N'D000036',N'W000006','2025-10-10'),
	(N'D000037',N'W000006','2025-10-11'),
	(N'D000038',N'W000006','2025-10-12'),
	(N'D000039',N'W000006','2025-10-13'),
	(N'D000040',N'W000006','2025-10-14'),
	(N'D000041',N'W000006','2025-10-15'),
	(N'D000042',N'W000006','2025-10-16'),
	(N'D000043',N'W000007','2025-10-17'),
	(N'D000044',N'W000007','2025-10-18'),
	(N'D000045',N'W000007','2025-10-19'),
	(N'D000046',N'W000007','2025-10-20'),
	(N'D000047',N'W000007','2025-10-21'),
	(N'D000048',N'W000007','2025-10-22'),
	(N'D000049',N'W000007','2025-10-23'),
	(N'D000050',N'W000008','2025-10-24'),
	(N'D000051',N'W000008','2025-10-25'),
	(N'D000052',N'W000008','2025-10-26'),
	(N'D000053',N'W000008','2025-10-27'),
	(N'D000054',N'W000008','2025-10-28'),
	(N'D000055',N'W000008','2025-10-29'),
	(N'D000056',N'W000008','2025-10-30'),
	(N'D000057',N'W000009','2025-10-31'),
	(N'D000058',N'W000009','2025-11-01'),
	(N'D000059',N'W000009','2025-11-02'),
	(N'D000060',N'W000009','2025-11-03'),
	(N'D000061',N'W000009','2025-11-04'),
	(N'D000062',N'W000009','2025-11-05'),
	(N'D000063',N'W000009','2025-11-06'),
	(N'D000064',N'W000010','2025-11-07'),
	(N'D000065',N'W000010','2025-11-08'),
	(N'D000066',N'W000010','2025-11-09'),
	(N'D000067',N'W000010','2025-11-10'),
	(N'D000068',N'W000010','2025-11-11'),
	(N'D000069',N'W000010','2025-11-12'),
	(N'D000070',N'W000010','2025-11-13'),
	(N'D000071',N'W000011','2025-11-14'),
	(N'D000072',N'W000011','2025-11-15'),
	(N'D000073',N'W000011','2025-11-16'),
	(N'D000074',N'W000011','2025-11-17'),
	(N'D000075',N'W000011','2025-11-18'),
	(N'D000076',N'W000011','2025-11-19'),
	(N'D000077',N'W000011','2025-11-20'),
	(N'D000078',N'W000012','2025-11-21'),
	(N'D000079',N'W000012','2025-11-22'),
	(N'D000080',N'W000012','2025-11-23'),
	(N'D000081',N'W000012','2025-11-24'),
	(N'D000082',N'W000012','2025-11-25'),
	(N'D000083',N'W000012','2025-11-26'),
	(N'D000084',N'W000012','2025-11-27'),
	(N'D000085',N'W000013','2025-11-28'),
	(N'D000086',N'W000013','2025-11-29'),
	(N'D000087',N'W000013','2025-11-30'),
	(N'D000088',N'W000013','2025-12-01'),
	(N'D000089',N'W000013','2025-12-02'),
	(N'D000090',N'W000013','2025-12-03'),
	(N'D000091',N'W000013','2025-12-04'),
	(N'D000092',N'W000014','2025-12-05'),
	(N'D000093',N'W000014','2025-12-06'),
	(N'D000094',N'W000014','2025-12-07'),
	(N'D000095',N'W000014','2025-12-08'),
	(N'D000096',N'W000014','2025-12-09'),
	(N'D000097',N'W000014','2025-12-10'),
	(N'D000098',N'W000014','2025-12-11'),
	(N'D000099',N'W000015','2025-12-12'),
	(N'D000100',N'W000015','2025-12-13'),
	(N'D000101',N'W000015','2025-12-14'),
	(N'D000102',N'W000015','2025-12-15'),
	(N'D000103',N'W000015','2025-12-16'),
	(N'D000104',N'W000015','2025-12-17'),
	(N'D000105',N'W000015','2025-12-18'),
	(N'D000106',N'W000016','2025-12-19'),
	(N'D000107',N'W000016','2025-12-20'),
	(N'D000108',N'W000016','2025-12-21'),
	(N'D000109',N'W000016','2025-12-22'),
	(N'D000110',N'W000016','2025-12-23'),
	(N'D000111',N'W000016','2025-12-24'),
	(N'D000112',N'W000016','2025-12-25'),
	(N'D000113',N'W000017','2025-12-26'),
	(N'D000114',N'W000017','2025-12-27'),
	(N'D000115',N'W000017','2025-12-28'),
	(N'D000116',N'W000017','2025-12-29'),
	(N'D000117',N'W000017','2025-12-30'),
	(N'D000118',N'W000017','2025-12-31'),
	(N'D000119',N'W000017','2026-01-01'),
	(N'D000120',N'W000018','2026-01-02'),
	(N'D000121',N'W000018','2026-01-03'),
	(N'D000122',N'W000018','2026-01-04'),
	(N'D000123',N'W000018','2026-01-05'),
	(N'D000124',N'W000018','2026-01-06'),
	(N'D000125',N'W000018','2026-01-07'),
	(N'D000126',N'W000018','2026-01-08'),
	(N'D000127',N'W000019','2026-01-09'),
	(N'D000128',N'W000019','2026-01-10'),
	(N'D000129',N'W000019','2026-01-11'),
	(N'D000130',N'W000019','2026-01-12'),
	(N'D000131',N'W000019','2026-01-13'),
	(N'D000132',N'W000019','2026-01-14'),
	(N'D000133',N'W000019','2026-01-15'),
	(N'D000134',N'W000020','2026-01-16'),
	(N'D000135',N'W000020','2026-01-17'),
	(N'D000136',N'W000020','2026-01-18'),
	(N'D000137',N'W000020','2026-01-19'),
	(N'D000138',N'W000020','2026-01-20'),
	(N'D000139',N'W000020','2026-01-21'),
	(N'D000140',N'W000020','2026-01-22'),
	(N'D000141',N'W000021','2026-01-23'),
	(N'D000142',N'W000021','2026-01-24'),
	(N'D000143',N'W000021','2026-01-25'),
	(N'D000144',N'W000021','2026-01-26'),
	(N'D000145',N'W000021','2026-01-27'),
	(N'D000146',N'W000021','2026-01-28'),
	(N'D000147',N'W000021','2026-01-29'),
	(N'D000148',N'W000022','2026-01-30'),
	(N'D000149',N'W000022','2026-01-31'),
	(N'D000150',N'W000022','2026-02-01'),
	(N'D000151',N'W000022','2026-02-02'),
	(N'D000152',N'W000022','2026-02-03'),
	(N'D000153',N'W000022','2026-02-04'),
	(N'D000154',N'W000022','2026-02-05'),
	(N'D000155',N'W000023','2026-02-06'),
	(N'D000156',N'W000023','2026-02-07'),
	(N'D000157',N'W000023','2026-02-08'),
	(N'D000158',N'W000023','2026-02-09'),
	(N'D000159',N'W000023','2026-02-10'),
	(N'D000160',N'W000023','2026-02-11'),
	(N'D000161',N'W000023','2026-02-12'),
	(N'D000162',N'W000024','2026-02-13'),
	(N'D000163',N'W000024','2026-02-14'),
	(N'D000164',N'W000024','2026-02-15'),
	(N'D000165',N'W000024','2026-02-16'),
	(N'D000166',N'W000024','2026-02-17'),
	(N'D000167',N'W000024','2026-02-18'),
	(N'D000168',N'W000024','2026-02-19'),
	(N'D000169',N'W000025','2026-02-20'),
	(N'D000170',N'W000025','2026-02-21'),
	(N'D000171',N'W000025','2026-02-22'),
	(N'D000172',N'W000025','2026-02-23'),
	(N'D000173',N'W000025','2026-02-24'),
	(N'D000174',N'W000025','2026-02-25'),
	(N'D000175',N'W000025','2026-02-26'),
	(N'D000176',N'W000026','2026-02-27'),
	(N'D000177',N'W000026','2026-02-28'),
	(N'D000178',N'W000026','2026-03-01'),
	(N'D000179',N'W000026','2026-03-02'),
	(N'D000180',N'W000026','2026-03-03'),
	(N'D000181',N'W000026','2026-03-04'),
	(N'D000182',N'W000026','2026-03-05'),
	(N'D000183',N'W000027','2026-03-06'),
	(N'D000184',N'W000027','2026-03-07'),
	(N'D000185',N'W000027','2026-03-08'),
	(N'D000186',N'W000027','2026-03-09'),
	(N'D000187',N'W000027','2026-03-10'),
	(N'D000188',N'W000027','2026-03-11'),
	(N'D000189',N'W000027','2026-03-12'),
	(N'D000190',N'W000028','2026-03-13'),
	(N'D000191',N'W000028','2026-03-14'),
	(N'D000192',N'W000028','2026-03-15'),
	(N'D000193',N'W000028','2026-03-16'),
	(N'D000194',N'W000028','2026-03-17'),
	(N'D000195',N'W000028','2026-03-18'),
	(N'D000196',N'W000028','2026-03-19'),
	(N'D000197',N'W000029','2026-03-20'),
	(N'D000198',N'W000029','2026-03-21'),
	(N'D000199',N'W000029','2026-03-22'),
	(N'D000200',N'W000029','2026-03-23'),
	(N'D000201',N'W000029','2026-03-24'),
	(N'D000202',N'W000029','2026-03-25'),
	(N'D000203',N'W000029','2026-03-26'),
	(N'D000204',N'W000030','2026-03-27'),
	(N'D000205',N'W000030','2026-03-28'),
	(N'D000206',N'W000030','2026-03-29'),
	(N'D000207',N'W000030','2026-03-30'),
	(N'D000208',N'W000030','2026-03-31'),
	(N'D000209',N'W000030','2026-04-01'),
	(N'D000210',N'W000030','2023-04-02'),
	(N'D000211',N'W000031','2026-04-03'),
	(N'D000212',N'W000031','2026-04-04'),
	(N'D000213',N'W000031','2023-04-05'),
	(N'D000214',N'W000031','2026-04-06'),
	(N'D000215',N'W000031','2026-04-07'),
	(N'D000216',N'W000031','2026-04-08'),
	(N'D000217',N'W000031','2026-04-09'),
	(N'D000218',N'W000032','2026-04-10'),
	(N'D000219',N'W000032','2026-04-11'),
	(N'D000220',N'W000032','2026-04-12'),
	(N'D000221',N'W000032','2026-04-13'),
	(N'D000222',N'W000032','2026-04-14'),
	(N'D000223',N'W000032','2026-04-15'),
	(N'D000224',N'W000032','2026-04-16'),
	(N'D000225',N'W000033','2026-04-17'),
	(N'D000226',N'W000033','2026-04-18'),
	(N'D000227',N'W000033','2026-04-19'),
	(N'D000228',N'W000033','2026-04-20'),
	(N'D000229',N'W000033','2026-04-21'),
	(N'D000230',N'W000033','2026-04-22'),
	(N'D000231',N'W000033','2026-04-23'),
	(N'D000232',N'W000034','2026-04-24'),
	(N'D000233',N'W000034','2026-04-25'),
	(N'D000234',N'W000034','2026-04-26'),
	(N'D000235',N'W000034','2026-04-27'),
	(N'D000236',N'W000034','2026-04-28'),
	(N'D000237',N'W000034','2026-04-29'),
	(N'D000238',N'W000034','2026-04-30'),
	(N'D000239',N'W000035','2026-05-01'),
	(N'D000240',N'W000035','2026-05-02'),
	(N'D000241',N'W000035','2026-05-03'),
	(N'D000242',N'W000035','2026-05-04'),
	(N'D000243',N'W000035','2026-05-05'),
	(N'D000244',N'W000035','2026-05-06'),
	(N'D000245',N'W000035','2026-05-07'),
	(N'D000246',N'W000036','2026-05-08'),
	(N'D000247',N'W000036','2026-05-09'),
	(N'D000248',N'W000036','2026-05-10'),
	(N'D000249',N'W000036','2026-05-11'),
	(N'D000250',N'W000036','2026-05-12');
INSERT INTO [Days] VALUES (N'D000251',N'W000036','2026-05-13'),
	(N'D000252',N'W000036','2026-05-14'),
	(N'D000253',N'W000037','2026-05-15'),
	(N'D000254',N'W000037','2026-05-16'),
	(N'D000255',N'W000037','2026-05-17'),
	(N'D000256',N'W000037','2026-05-18'),
	(N'D000257',N'W000037','2026-05-19'),
	(N'D000258',N'W000037','2026-05-20'),
	(N'D000259',N'W000037','2026-05-21'),
	(N'D000260',N'W000038','2026-05-22'),
	(N'D000261',N'W000038','2026-05-23'),
	(N'D000262',N'W000038','2026-05-24'),
	(N'D000263',N'W000038','2026-05-25'),
	(N'D000264',N'W000038','2026-05-26'),
	(N'D000265',N'W000038','2026-05-27'),
	(N'D000266',N'W000038','2026-05-28'),
	(N'D000267',N'W000039','2026-05-29'),
	(N'D000268',N'W000039','2026-05-30'),
	(N'D000269',N'W000039','2026-05-31'),
	(N'D000270',N'W000039','2026-06-01'),
	(N'D000271',N'W000039','2026-06-02'),
	(N'D000272',N'W000039','2026-06-03'),
	(N'D000273',N'W000039','2026-06-04');
	INSERT INTO [Days] VALUES (N'D000274',N'W000040','2026-09-04'),
	(N'D000275',N'W000040','2026-09-05'),
	(N'D000276',N'W000040','2026-09-06'),
	(N'D000277',N'W000040','2026-09-07'),
	(N'D000278',N'W000040','2026-09-08'),
	(N'D000279',N'W000040','2026-09-09'),
	(N'D000280',N'W000040','2026-09-10'),
	(N'D000281',N'W000041','2026-09-11'),
	(N'D000282',N'W000041','2026-09-12'),
	(N'D000283',N'W000041','2026-09-13'),
	(N'D000284',N'W000041','2026-09-14'),
	(N'D000285',N'W000041','2026-09-15'),
	(N'D000286',N'W000041','2026-09-16'),
	(N'D000287',N'W000041','2026-09-17'),
	(N'D000288',N'W000042','2026-09-18'),
	(N'D000289',N'W000042','2026-09-19'),
	(N'D000290',N'W000042','2026-09-20'),
	(N'D000291',N'W000042','2026-09-21'),
	(N'D000292',N'W000042','2026-09-22'),
	(N'D000293',N'W000042','2026-09-23'),
	(N'D000294',N'W000042','2026-09-24'),
	(N'D000295',N'W000043','2026-09-25'),
	(N'D000296',N'W000043','2026-09-26'),
	(N'D000297',N'W000043','2026-09-27'),
	(N'D000298',N'W000043','2026-09-28'),
	(N'D000299',N'W000043','2026-09-29'),
	(N'D000300',N'W000043','2026-09-30'),
	(N'D000301',N'W000043','2026-10-01'),
	(N'D000302',N'W000044','2026-10-02'),
	(N'D000303',N'W000044','2026-10-03'),
	(N'D000304',N'W000044','2026-10-04'),
	(N'D000305',N'W000044','2026-10-05'),
	(N'D000306',N'W000044','2026-10-06'),
	(N'D000307',N'W000044','2026-10-07'),
	(N'D000308',N'W000044','2026-10-08'),
	(N'D000309',N'W000045','2026-10-09'),
	(N'D000310',N'W000045','2026-10-10'),
	(N'D000311',N'W000045','2026-10-11'),
	(N'D000312',N'W000045','2026-10-12'),
	(N'D000313',N'W000045','2026-10-13'),
	(N'D000314',N'W000045','2026-10-14'),
	(N'D000315',N'W000045','2026-10-15'),
	(N'D000316',N'W000046','2026-10-16'),
	(N'D000317',N'W000046','2026-10-17'),
	(N'D000318',N'W000046','2026-10-18'),
	(N'D000319',N'W000046','2026-10-19'),
	(N'D000320',N'W000046','2026-10-20'),
	(N'D000321',N'W000046','2026-10-21'),
	(N'D000322',N'W000046','2026-10-22'),
	(N'D000323',N'W000047','2026-10-23'),
	(N'D000324',N'W000047','2026-10-24'),
	(N'D000325',N'W000047','2026-10-25'),
	(N'D000326',N'W000047','2026-10-26'),
	(N'D000327',N'W000047','2026-10-27'),
	(N'D000328',N'W000047','2026-10-28'),
	(N'D000329',N'W000047','2026-10-29'),
	(N'D000330',N'W000048','2026-10-30'),
	(N'D000331',N'W000048','2026-10-31'),
	(N'D000332',N'W000048','2026-11-01'),
	(N'D000333',N'W000048','2026-11-02'),
	(N'D000334',N'W000048','2026-11-03'),
	(N'D000335',N'W000048','2026-11-04'),
	(N'D000336',N'W000048','2026-11-05'),
	(N'D000337',N'W000049','2026-11-06'),
	(N'D000338',N'W000049','2026-11-07'),
	(N'D000339',N'W000049','2026-11-08'),
	(N'D000340',N'W000049','2026-11-09'),
	(N'D000341',N'W000049','2026-11-10'),
	(N'D000342',N'W000049','2026-11-11'),
	(N'D000343',N'W000049','2026-11-12'),
	(N'D000344',N'W000050','2026-11-13'),
	(N'D000345',N'W000050','2026-11-14'),
	(N'D000346',N'W000050','2026-11-15'),
	(N'D000347',N'W000050','2026-11-16'),
	(N'D000348',N'W000050','2026-11-17'),
	(N'D000349',N'W000050','2026-11-18'),
	(N'D000350',N'W000050','2026-11-19'),
	(N'D000351',N'W000051','2026-11-20'),
	(N'D000352',N'W000051','2026-11-21'),
	(N'D000353',N'W000051','2026-11-22'),
	(N'D000354',N'W000051','2026-11-23'),
	(N'D000355',N'W000051','2026-11-24'),
	(N'D000356',N'W000051','2026-11-25'),
	(N'D000357',N'W000051','2026-11-26'),
	(N'D000358',N'W000052','2026-11-27'),
	(N'D000359',N'W000052','2026-11-28'),
	(N'D000360',N'W000052','2026-11-29'),
	(N'D000361',N'W000052','2026-11-30'),
	(N'D000362',N'W000052','2026-12-01'),
	(N'D000363',N'W000052','2026-12-02'),
	(N'D000364',N'W000052','2026-12-03'),
	(N'D000365',N'W000053','2026-12-04'),
	(N'D000366',N'W000053','2026-12-05'),
	(N'D000367',N'W000053','2026-12-06'),
	(N'D000368',N'W000053','2026-12-07'),
	(N'D000369',N'W000053','2026-12-08'),
	(N'D000370',N'W000053','2026-12-09'),
	(N'D000371',N'W000053','2026-12-10'),
	(N'D000372',N'W000054','2026-12-11'),
	(N'D000373',N'W000054','2026-12-12'),
	(N'D000374',N'W000054','2026-12-13'),
	(N'D000375',N'W000054','2026-12-14'),
	(N'D000376',N'W000054','2026-12-15'),
	(N'D000377',N'W000054','2026-12-16'),
	(N'D000378',N'W000054','2026-12-17'),
	(N'D000379',N'W000055','2026-12-18'),
	(N'D000380',N'W000055','2026-12-19'),
	(N'D000381',N'W000055','2026-12-20'),
	(N'D000382',N'W000055','2026-12-21'),
	(N'D000383',N'W000055','2026-12-22'),
	(N'D000384',N'W000055','2026-12-23'),
	(N'D000385',N'W000055','2026-12-24'),
	(N'D000386',N'W000056','2026-12-25'),
	(N'D000387',N'W000056','2026-12-26'),
	(N'D000388',N'W000056','2026-12-27'),
	(N'D000389',N'W000056','2026-12-28'),
	(N'D000390',N'W000056','2026-12-29'),
	(N'D000391',N'W000056','2026-12-30'),
	(N'D000392',N'W000056','2026-12-31'),
	(N'D000393',N'W000057','2027-01-01'),
(N'D000394',N'W000057','2027-01-02'),
(N'D000395',N'W000057','2027-01-03'),
(N'D000396',N'W000057','2027-01-04'),
(N'D000397',N'W000057','2027-01-05'),
(N'D000398',N'W000057','2027-01-06'),
(N'D000399',N'W000057','2027-01-07'),
(N'D000400',N'W000058','2027-01-08'),
(N'D000401',N'W000058','2027-01-09'),
(N'D000402',N'W000058','2027-01-10'),
(N'D000403',N'W000058','2027-01-11'),
(N'D000404',N'W000058','2027-01-12'),
(N'D000405',N'W000058','2027-01-13'),
(N'D000406',N'W000058','2027-01-14'),
(N'D000407',N'W000059','2027-01-15'),
(N'D000408',N'W000059','2027-01-16'),
(N'D000409',N'W000059','2027-01-17'),
(N'D000410',N'W000059','2027-01-18'),
(N'D000411',N'W000059','2027-01-19'),
(N'D000412',N'W000059','2027-01-20'),
(N'D000413',N'W000059','2027-01-21'),
(N'D000414',N'W000060','2027-01-22'),
(N'D000415',N'W000060','2027-01-23'),
(N'D000416',N'W000060','2027-01-24'),
(N'D000417',N'W000060','2027-01-25'),
(N'D000418',N'W000060','2027-01-26'),
(N'D000419',N'W000060','2027-01-27'),
(N'D000420',N'W000060','2027-01-28'),
(N'D000422',N'W000061','2027-01-30'),
(N'D000423',N'W000061','2027-01-31'),
(N'D000424',N'W000061','2027-02-01'),
(N'D000425',N'W000061','2027-02-02'),
(N'D000426',N'W000061','2027-02-03'),
(N'D000427',N'W000061','2027-02-04'),
(N'D000428',N'W000062','2027-02-05'),
(N'D000429',N'W000062','2027-02-06'),
(N'D000430',N'W000062','2027-02-07'),
(N'D000431',N'W000062','2027-02-08'),
(N'D000432',N'W000062','2027-02-09'),
(N'D000433',N'W000062','2027-02-10'),
(N'D000434',N'W000062','2027-02-11'),
(N'D000435',N'W000063','2027-02-12'),
(N'D000436',N'W000063','2027-02-13'),
(N'D000437',N'W000063','2027-02-14'),
(N'D000438',N'W000063','2027-02-15'),
(N'D000439',N'W000063','2027-02-16'),
(N'D000440',N'W000063','2027-02-17'),
(N'D000441',N'W000063','2027-02-18'),
(N'D000442',N'W000064','2027-02-19'),
(N'D000443',N'W000064','2027-02-20'),
(N'D000444',N'W000064','2027-02-21'),
(N'D000445',N'W000064','2027-02-22'),
(N'D000446',N'W000064','2027-02-23'),
(N'D000447',N'W000064','2027-02-24'),
(N'D000448',N'W000064','2027-02-25'),
(N'D000449',N'W000065','2027-02-26'),
(N'D000450',N'W000065','2027-02-27'),
(N'D000451',N'W000065','2027-02-28'),
(N'D000453',N'W000065','2027-03-01'),
(N'D000454',N'W000065','2027-03-02'),
(N'D000455',N'W000065','2027-03-03'),
(N'D000456',N'W000066','2027-03-04'),
(N'D000457',N'W000066','2027-03-05'),
(N'D000458',N'W000066','2027-03-06'),
(N'D000459',N'W000066','2027-03-07'),
(N'D000460',N'W000066','2027-03-08'),
(N'D000461',N'W000066','2027-03-09'),
(N'D000462',N'W000066','2027-03-10'),
(N'D000463',N'W000067','2027-03-11'),
(N'D000464',N'W000067','2027-03-12'),
(N'D000465',N'W000067','2027-03-13'),
(N'D000466',N'W000067','2027-03-14'),
(N'D000467',N'W000067','2027-03-15'),
(N'D000468',N'W000067','2027-03-16'),
(N'D000469',N'W000067','2027-03-17'),
(N'D000470',N'W000068','2027-03-18'),
(N'D000471',N'W000068','2027-03-19'),
(N'D000472',N'W000068','2027-03-20'),
(N'D000473',N'W000068','2027-03-21'),
(N'D000474',N'W000068','2027-03-22'),
(N'D000475',N'W000068','2027-03-23'),
(N'D000476',N'W000068','2027-03-24'),
(N'D000477',N'W000069','2027-03-25'),
(N'D000478',N'W000069','2027-03-26'),
(N'D000479',N'W000069','2027-03-27'),
(N'D000480',N'W000069','2027-03-28'),
(N'D000481',N'W000069','2027-03-29'),
(N'D000482',N'W000069','2027-03-30'),
(N'D000483',N'W000069','2027-03-31'),
(N'D000484',N'W000070','2027-04-01'),
(N'D000485',N'W000070','2027-04-02'),
(N'D000486',N'W000070','2027-04-03'),
(N'D000487',N'W000070','2027-04-04'),
(N'D000488',N'W000070','2027-04-05'),
(N'D000489',N'W000070','2027-04-06'),
(N'D000490',N'W000070','2027-04-07'),
(N'D000491',N'W000071','2027-04-08'),
(N'D000492',N'W000071','2027-04-09'),
(N'D000493',N'W000071','2027-04-10'),
(N'D000494',N'W000071','2027-04-11'),
(N'D000495',N'W000071','2027-04-12'),
(N'D000496',N'W000071','2027-04-13'),
(N'D000497',N'W000071','2027-04-14'),
(N'D000498',N'W000072','2027-04-15'),
(N'D000499',N'W000072','2027-04-16'),
(N'D000500',N'W000072','2027-04-17'),
(N'D000501',N'W000072','2027-04-18'),
(N'D000502',N'W000072','2027-04-19'),
(N'D000503',N'W000072','2027-04-20'),
(N'D000504',N'W000072','2027-04-21'),
(N'D000505',N'W000073','2027-04-22'),
(N'D000506',N'W000073','2027-04-23'),
(N'D000507',N'W000073','2027-04-24'),
(N'D000508',N'W000073','2027-04-25'),
(N'D000509',N'W000073','2027-04-26'),
(N'D000510',N'W000073','2027-04-27'),
(N'D000511',N'W000073','2027-04-28'),
(N'D000512',N'W000074','2027-04-29'),
(N'D000513',N'W000074','2027-04-30'),
(N'D000514',N'W000074','2027-05-01'),
(N'D000515',N'W000074','2027-05-02'),
(N'D000516',N'W000074','2027-05-03'),
(N'D000517',N'W000074','2027-05-04'),
(N'D000518',N'W000074','2027-05-05'),
(N'D000519',N'W000075','2027-05-06'),
(N'D000520',N'W000075','2027-05-07'),
(N'D000521',N'W000075','2027-05-08'),
(N'D000522',N'W000075','2027-05-09'),
	(N'D000523',N'W000075','2027-05-10');
INSERT INTO [Days] VALUES (N'D000524',N'W000075','2027-05-11'),
	(N'D000525',N'W000075','2027-05-12'),
(N'D000526',N'W000076','2027-05-13'),
(N'D000527',N'W000076','2027-05-14'),
(N'D000528',N'W000076','2027-05-15'),
(N'D000529',N'W000076','2027-05-16'),
(N'D000530',N'W000076','2027-05-17'),
(N'D000531',N'W000076','2027-05-18'),
(N'D000532',N'W000076','2027-05-19'),
(N'D000533',N'W000077','2027-05-20'),
(N'D000534',N'W000077','2027-05-21'),
(N'D000535',N'W000077','2027-05-22'),
(N'D000536',N'W000077','2027-05-23'),
(N'D000537',N'W000077','2027-05-24'),
(N'D000538',N'W000077','2027-05-25'),
(N'D000539',N'W000077','2027-05-26'),
(N'D000540',N'W000078','2027-05-27'),
(N'D000541',N'W000078','2027-05-28'),
(N'D000542',N'W000078','2027-05-29'),
(N'D000543',N'W000078','2027-05-30'),
(N'D000544',N'W000078','2027-05-31'),
(N'D000545',N'W000078','2027-06-01'),
(N'D000546',N'W000078','2027-06-02');